user_id,al farissi,ali ibrahim,alvi syahrini utami,anggina primanita,annisa darmawahyuni,danny matthew saputra,deris stiawan,desty rodiah,dian palupi rini,julian supardi,junia kurniati,kanda januar miraswan,mastura diana marieska,muhammad naufal rachmatullah,novi yusliani,rifkie primartha,rizki kurniati
mhs_0,0,0,0,0,0,0,0,0,0,1,0,0,0,0,0,0,0
mhs_1,0,0,0,0,0,0,0,0,0,1,0,0,0,0,0,0,0
mhs_10,0,0,0,0,0,0,0,0,0,0,0,0,0,0,0,1,0
mhs_100,0,0,0,0,0,0,0,0,1,0,0,0,0,0,0,0,0
mhs_101,0,0,0,0,0,0,0,0,0,0,0,0,0,0,1,0,0
mhs_102,0,0,0,0,0,0,0,0,1,0,0,0,0,0,0,0,0
mhs_103,0,0,0,0,0,0,0,0,0,0,0,1,0,0,0,0,0
mhs_104,0,0,0,0,0,0,0,0,1,0,0,0,0,0,0,0,0
mhs_105,0,0,0,0,0,0,0,0,0,0,0,1,0,0,0,0,0
mhs_106,0,0,0,0,0,0,0,0,0,0,0,1,0,0,0,0,0
mhs_107,0,0,0,0,0,0,0,0,0,0,0,0,0,0,0,0,1
mhs_108,0,0,0,0,0,0,0,0,0,0,0,1,0,0,0,0,0
mhs_109,0,0,0,0,0,0,0,0,0,0,0,0,0,0,1,0,0
mhs_11,0,0,0,1,0,0,0,0,0,0,0,0,0,0,0,0,0
mhs_110,0,0,0,0,0,0,0,0,0,0,0,1,0,0,0,0,0
mhs_111,0,0,0,0,0,0,0,0,0,0,0,0,0,0,1,0,0
mhs_112,0,0,0,0,0,0,0,1,0,0,0,0,0,0,0,0,0
mhs_113,0,0,0,0,0,0,0,0,0,0,0,1,0,0,0,0,0
mhs_114,0,0,0,0,0,0,0,0,0,0,0,0,0,0,1,0,0
mhs_115,0,0,0,0,0,0,0,0,0,0,0,1,0,0,0,0,0
mhs_116,0,0,0,0,0,0,0,0,1,0,0,0,0,0,0,0,0
mhs_117,0,0,0,0,0,0,0,0,0,0,0,1,0,0,0,0,0
mhs_118,0,0,0,0,0,0,0,0,0,0,0,0,0,0,1,0,0
mhs_119,0,0,0,0,0,0,0,0,0,0,0,0,0,0,1,0,0
mhs_12,0,0,0,0,0,0,0,0,0,1,0,0,0,0,0,0,0
mhs_120,0,0,0,0,0,0,0,0,0,0,0,0,0,0,1,0,0
mhs_121,0,0,0,0,0,0,0,0,0,0,0,0,0,0,1,0,0
mhs_122,0,0,0,0,0,0,0,1,0,0,0,0,0,0,0,0,0
mhs_123,0,0,0,0,0,0,0,0,0,0,0,0,0,0,0,1,0
mhs_124,0,0,0,0,0,0,0,0,0,0,0,1,0,0,0,0,0
mhs_125,0,0,0,0,0,0,0,0,0,0,0,1,0,0,0,0,0
mhs_126,0,0,0,0,0,0,0,0,0,0,0,0,0,0,0,1,0
mhs_127,0,0,0,0,0,1,0,0,0,0,0,0,0,0,0,0,0
mhs_128,0,0,0,0,0,0,0,0,0,0,0,1,0,0,0,0,0
mhs_129,0,0,0,0,0,0,0,0,0,0,0,0,0,0,0,1,0
mhs_13,0,0,0,0,0,0,0,0,0,0,0,0,0,0,0,1,0
mhs_130,0,0,0,0,0,0,0,0,0,0,0,0,0,0,1,0,0
mhs_131,0,0,0,0,0,0,0,0,0,0,0,1,0,0,0,0,0
mhs_132,0,0,0,0,0,0,0,0,0,0,0,0,0,0,0,1,0
mhs_133,0,0,0,0,0,0,0,0,0,0,0,1,0,0,0,0,0
mhs_134,0,0,0,0,0,0,0,0,0,0,0,0,0,0,1,0,0
mhs_135,0,0,0,0,0,1,0,0,0,0,0,0,0,0,0,0,0
mhs_136,0,0,0,0,0,0,0,0,0,0,0,0,0,0,0,1,0
mhs_137,0,0,0,0,0,1,0,0,0,0,0,0,0,0,0,0,0
mhs_138,0,0,0,0,0,0,0,0,0,0,0,0,0,0,0,1,0
mhs_139,0,0,0,0,0,0,0,0,0,0,0,1,0,0,0,0,0
mhs_14,0,0,0,0,0,0,0,0,0,0,0,0,0,0,0,1,0
mhs_140,0,0,0,0,0,0,0,0,0,0,0,0,0,0,0,1,0
mhs_141,0,0,0,0,0,0,0,0,0,0,0,1,0,0,0,0,0
mhs_142,0,0,0,0,0,0,0,0,1,0,0,0,0,0,0,0,0
mhs_143,0,0,0,0,0,0,0,0,0,0,0,1,0,0,0,0,0
mhs_144,1,0,0,0,0,0,0,0,0,0,0,0,0,0,0,0,0
mhs_145,0,0,0,0,0,0,0,0,0,0,0,1,0,0,0,0,0
mhs_146,0,0,0,0,0,0,0,0,0,0,0,1,0,0,0,0,0
mhs_147,0,0,0,0,0,0,0,0,0,0,0,0,0,0,0,1,0
mhs_148,0,0,0,0,0,0,0,0,1,0,0,0,0,0,0,0,0
mhs_149,0,0,0,0,0,0,0,0,0,0,0,1,0,0,0,0,0
mhs_15,0,0,0,0,0,0,0,0,0,0,0,0,0,0,0,1,0
mhs_150,0,0,0,0,0,0,0,0,0,0,0,0,0,0,1,0,0
mhs_151,0,0,0,0,0,0,0,0,0,0,0,0,0,0,0,1,0
mhs_152,0,0,0,0,0,1,0,0,0,0,0,0,0,0,0,0,0
mhs_153,0,0,0,0,0,0,0,0,0,0,0,1,0,0,0,0,0
mhs_154,0,0,0,0,0,0,0,0,0,0,0,1,0,0,0,0,0
mhs_155,0,0,0,0,0,0,0,0,0,0,0,0,0,0,1,0,0
mhs_156,1,0,0,0,0,0,0,0,0,0,0,0,0,0,0,0,0
mhs_157,0,0,0,0,0,0,0,0,0,0,0,0,0,0,0,1,0
mhs_158,0,0,0,0,0,0,0,0,0,0,0,1,0,0,0,0,0
mhs_159,0,0,0,0,0,1,0,0,0,0,0,0,0,0,0,0,0
mhs_16,0,0,0,0,0,0,0,0,0,0,0,0,0,0,0,1,0
mhs_160,0,0,0,0,0,0,0,0,0,0,0,0,0,0,1,0,0
mhs_161,0,0,0,0,0,0,0,1,0,0,0,0,0,0,0,0,0
mhs_162,0,0,0,0,0,0,0,0,0,0,0,0,1,0,0,0,0
mhs_163,1,0,0,0,0,0,0,0,0,0,0,0,0,0,0,0,0
mhs_164,0,0,0,0,0,0,0,0,0,0,0,1,0,0,0,0,0
mhs_165,0,0,0,0,0,1,0,0,0,0,0,0,0,0,0,0,0
mhs_166,0,0,0,0,0,0,0,0,0,0,0,1,0,0,0,0,0
mhs_167,0,0,0,0,0,0,0,0,0,0,0,0,0,0,1,0,0
mhs_168,0,0,0,0,0,0,0,0,0,0,0,0,0,0,1,0,0
mhs_169,0,0,0,0,0,0,0,1,0,0,0,0,0,0,0,0,0
mhs_17,0,0,0,1,0,0,0,0,0,0,0,0,0,0,0,0,0
mhs_170,0,0,0,0,0,0,0,0,0,0,0,1,0,0,0,0,0
mhs_171,0,0,0,0,0,0,0,0,0,0,0,0,0,0,0,1,0
mhs_172,0,0,0,0,0,0,0,0,1,0,0,0,0,0,0,0,0
mhs_173,0,0,0,0,0,0,0,0,0,0,0,1,0,0,0,0,0
mhs_174,0,0,0,0,0,0,0,0,0,0,0,0,0,0,0,1,0
mhs_175,0,0,0,0,0,1,0,0,0,0,0,0,0,0,0,0,0
mhs_176,0,0,0,0,0,0,0,0,0,0,0,0,0,0,1,0,0
mhs_177,0,0,0,0,0,0,0,0,0,0,0,1,0,0,0,0,0
mhs_178,0,0,0,0,0,0,0,0,0,0,0,1,0,0,0,0,0
mhs_179,0,0,0,0,0,0,0,0,1,0,0,0,0,0,0,0,0
mhs_18,0,0,0,0,0,0,0,0,0,0,0,0,0,0,0,1,0
mhs_180,0,0,0,0,0,0,0,1,0,0,0,0,0,0,0,0,0
mhs_181,0,0,0,0,0,0,0,0,0,0,0,1,0,0,0,0,0
mhs_182,0,0,0,0,0,0,0,0,0,0,0,0,0,0,1,0,0
mhs_183,0,0,0,0,0,0,0,0,0,0,0,1,0,0,0,0,0
mhs_184,0,0,0,0,0,0,0,0,0,0,0,1,0,0,0,0,0
mhs_185,0,0,0,0,0,0,0,0,0,0,0,0,0,0,0,1,0
mhs_186,0,0,0,0,0,0,0,0,0,0,0,0,0,0,1,0,0
mhs_187,0,0,0,0,0,0,0,0,0,0,0,0,0,0,1,0,0
mhs_188,0,0,0,0,0,0,0,1,0,0,0,0,0,0,0,0,0
mhs_189,0,0,0,0,0,0,0,0,1,0,0,0,0,0,0,0,0
mhs_19,0,0,0,0,0,1,0,0,0,0,0,0,0,0,0,0,0
mhs_190,0,0,0,0,0,0,0,0,0,0,0,1,0,0,0,0,0
mhs_191,0,0,0,0,0,0,0,0,0,0,0,0,0,0,1,0,0
mhs_192,0,0,0,0,0,0,0,1,0,0,0,0,0,0,0,0,0
mhs_193,0,0,0,0,0,0,0,0,1,0,0,0,0,0,0,0,0
mhs_194,0,0,0,0,0,0,0,0,1,0,0,0,0,0,0,0,0
mhs_195,0,0,0,0,0,0,0,0,0,0,0,1,0,0,0,0,0
mhs_196,0,0,0,0,0,0,0,0,0,0,0,0,0,0,1,0,0
mhs_197,0,0,0,0,0,0,0,0,0,0,0,0,1,0,0,0,0
mhs_198,0,0,0,0,0,0,0,0,0,0,0,0,0,0,1,0,0
mhs_199,0,0,0,0,0,0,0,0,0,0,0,0,0,0,1,0,0
mhs_2,0,0,1,0,0,0,0,0,0,0,0,0,0,0,0,0,0
mhs_20,0,0,0,0,0,0,0,0,0,0,0,1,0,0,0,0,0
mhs_200,0,0,0,0,0,0,0,0,0,0,0,1,0,0,0,0,0
mhs_201,0,0,1,0,0,0,0,0,0,0,0,0,0,0,0,0,0
mhs_202,0,0,0,0,0,0,0,0,0,0,0,0,0,0,0,0,1
mhs_203,0,0,0,0,0,0,0,0,1,0,0,0,0,0,0,0,0
mhs_204,0,0,0,0,0,0,0,0,1,0,0,0,0,0,0,0,0
mhs_205,0,0,0,0,0,0,0,1,0,0,0,0,0,0,0,0,0
mhs_206,0,0,0,0,0,0,0,0,0,0,0,0,0,0,1,0,0
mhs_207,0,0,0,0,0,0,0,0,0,0,0,0,0,0,1,0,0
mhs_208,0,0,0,0,0,0,0,0,0,0,0,1,0,0,0,0,0
mhs_209,0,0,0,0,0,0,0,1,0,0,0,0,0,0,0,0,0
mhs_21,0,0,0,0,0,1,0,0,0,0,0,0,0,0,0,0,0
mhs_210,0,0,0,0,0,0,0,0,0,0,0,1,0,0,0,0,0
mhs_211,0,0,0,0,0,0,0,0,1,0,0,0,0,0,0,0,0
mhs_212,0,0,0,0,0,0,0,0,0,0,0,0,1,0,0,0,0
mhs_213,0,0,0,0,0,1,0,0,0,0,0,0,0,0,0,0,0
mhs_214,0,0,0,0,0,0,0,0,1,0,0,0,0,0,0,0,0
mhs_215,0,0,0,0,0,0,0,0,0,0,0,0,0,0,0,0,1
mhs_216,0,0,0,0,0,0,0,0,1,0,0,0,0,0,0,0,0
mhs_217,0,0,0,0,0,1,0,0,0,0,0,0,0,0,0,0,0
mhs_218,0,0,0,0,0,0,0,0,0,0,0,0,0,0,0,1,0
mhs_219,0,0,0,0,0,1,0,0,0,0,0,0,0,0,0,0,0
mhs_22,0,0,0,0,0,0,0,1,0,0,0,0,0,0,0,0,0
mhs_220,0,0,0,0,0,0,0,1,0,0,0,0,0,0,0,0,0
mhs_221,0,0,0,0,0,0,0,0,0,0,0,0,0,0,1,0,0
mhs_222,0,0,0,0,0,0,0,0,1,0,0,0,0,0,0,0,0
mhs_223,0,0,0,0,0,0,1,0,0,0,0,0,0,0,0,0,0
mhs_224,0,0,0,0,0,0,0,0,0,0,0,0,0,0,1,0,0
mhs_225,0,0,0,0,0,0,0,0,0,0,0,0,0,0,0,1,0
mhs_226,0,0,0,0,0,1,0,0,0,0,0,0,0,0,0,0,0
mhs_227,0,0,0,0,0,0,0,0,1,0,0,0,0,0,0,0,0
mhs_228,0,0,0,0,0,0,0,1,0,0,0,0,0,0,0,0,0
mhs_229,0,0,1,0,0,0,0,0,0,0,0,0,0,0,0,0,0
mhs_23,0,0,0,0,0,0,0,0,0,0,0,0,0,0,0,1,0
mhs_230,0,0,0,0,0,0,0,0,0,0,0,1,0,0,0,0,0
mhs_231,0,0,0,0,0,0,0,0,0,0,0,0,0,0,1,0,0
mhs_232,0,0,0,0,0,1,0,0,0,0,0,0,0,0,0,0,0
mhs_233,0,0,0,0,0,0,0,0,1,0,0,0,0,0,0,0,0
mhs_234,0,0,0,0,0,0,0,1,0,0,0,0,0,0,0,0,0
mhs_235,0,0,0,0,0,0,0,1,0,0,0,0,0,0,0,0,0
mhs_236,0,0,0,0,0,0,0,0,1,0,0,0,0,0,0,0,0
mhs_237,0,0,0,0,0,0,0,1,0,0,0,0,0,0,0,0,0
mhs_238,0,0,0,0,0,0,0,0,1,0,0,0,0,0,0,0,0
mhs_239,0,0,0,0,0,0,1,0,0,0,0,0,0,0,0,0,0
mhs_24,0,0,0,0,0,0,0,0,0,0,0,1,0,0,0,0,0
mhs_240,0,0,1,0,0,0,0,0,0,0,0,0,0,0,0,0,0
mhs_241,0,0,0,0,0,0,0,0,0,0,0,1,0,0,0,0,0
mhs_242,0,0,0,0,0,0,0,0,0,0,0,0,0,0,1,0,0
mhs_243,0,0,0,0,0,0,0,0,0,0,0,0,1,0,0,0,0
mhs_244,0,0,0,0,0,0,0,0,0,0,0,1,0,0,0,0,0
mhs_245,0,0,0,0,0,0,0,0,1,0,0,0,0,0,0,0,0
mhs_246,0,0,0,0,0,0,0,0,0,0,0,1,0,0,0,0,0
mhs_247,0,0,0,0,0,0,0,0,1,0,0,0,0,0,0,0,0
mhs_248,0,0,0,0,0,0,0,0,0,0,0,1,0,0,0,0,0
mhs_249,0,0,0,0,0,0,0,0,0,0,0,1,0,0,0,0,0
mhs_25,0,0,0,1,0,0,0,0,0,0,0,0,0,0,0,0,0
mhs_250,0,0,0,0,0,0,0,0,1,0,0,0,0,0,0,0,0
mhs_251,0,0,0,0,0,0,0,1,0,0,0,0,0,0,0,0,0
mhs_252,0,0,0,0,0,0,0,0,1,0,0,0,0,0,0,0,0
mhs_253,0,0,0,0,0,0,0,1,0,0,0,0,0,0,0,0,0
mhs_254,0,0,0,0,0,0,0,0,1,0,0,0,0,0,0,0,0
mhs_255,0,0,0,0,0,0,0,1,0,0,0,0,0,0,0,0,0
mhs_256,0,0,0,0,0,0,0,0,1,0,0,0,0,0,0,0,0
mhs_257,0,0,0,0,0,0,0,0,0,0,0,0,1,0,0,0,0
mhs_258,0,0,0,0,0,0,0,1,0,0,0,0,0,0,0,0,0
mhs_259,0,1,0,0,0,0,0,0,0,0,0,0,0,0,0,0,0
mhs_26,0,0,0,0,0,0,0,0,0,0,0,0,0,0,1,0,0
mhs_260,0,0,0,0,0,0,0,0,1,0,0,0,0,0,0,0,0
mhs_261,0,0,0,0,0,0,0,1,0,0,0,0,0,0,0,0,0
mhs_262,0,0,0,0,0,0,0,0,1,0,0,0,0,0,0,0,0
mhs_263,0,0,0,0,0,0,0,0,0,0,0,0,1,0,0,0,0
mhs_264,0,0,0,0,0,0,0,0,1,0,0,0,0,0,0,0,0
mhs_265,0,0,0,0,0,0,1,0,0,0,0,0,0,0,0,0,0
mhs_266,0,0,0,0,0,0,0,0,0,0,0,0,0,0,1,0,0
mhs_267,0,0,0,0,0,0,0,0,0,0,0,0,0,0,0,1,0
mhs_268,0,0,0,0,0,0,0,0,0,0,0,0,0,0,0,1,0
mhs_269,0,0,0,0,0,0,0,1,0,0,0,0,0,0,0,0,0
mhs_27,0,0,0,0,0,0,0,0,0,0,0,1,0,0,0,0,0
mhs_270,0,0,0,0,0,0,0,0,1,0,0,0,0,0,0,0,0
mhs_271,0,0,0,0,0,0,0,1,0,0,0,0,0,0,0,0,0
mhs_272,0,0,0,0,0,0,0,0,0,0,0,1,0,0,0,0,0
mhs_273,0,0,1,0,0,0,0,0,0,0,0,0,0,0,0,0,0
mhs_274,0,0,0,0,0,0,0,1,0,0,0,0,0,0,0,0,0
mhs_275,0,0,0,0,0,0,0,0,1,0,0,0,0,0,0,0,0
mhs_276,0,0,1,0,0,0,0,0,0,0,0,0,0,0,0,0,0
mhs_277,0,0,0,0,0,0,0,0,0,0,0,1,0,0,0,0,0
mhs_278,0,0,0,0,0,0,0,0,0,0,0,0,0,0,1,0,0
mhs_279,0,0,0,0,0,0,0,0,0,0,0,0,1,0,0,0,0
mhs_28,0,0,0,1,0,0,0,0,0,0,0,0,0,0,0,0,0
mhs_280,0,0,0,0,0,0,0,0,0,0,0,0,0,0,1,0,0
mhs_281,0,0,0,0,0,0,0,0,0,0,0,0,0,0,0,1,0
mhs_282,0,0,1,0,0,0,0,0,0,0,0,0,0,0,0,0,0
mhs_283,0,0,0,0,0,0,0,0,0,0,0,1,0,0,0,0,0
mhs_284,0,0,0,0,0,0,0,0,0,0,0,0,1,0,0,0,0
mhs_285,0,0,0,0,0,0,0,0,0,0,0,0,1,0,0,0,0
mhs_286,0,0,0,0,0,0,0,0,0,0,0,0,0,0,1,0,0
mhs_287,0,0,0,0,0,0,0,1,0,0,0,0,0,0,0,0,0
mhs_288,0,0,1,0,0,0,0,0,0,0,0,0,0,0,0,0,0
mhs_289,0,0,0,0,0,0,0,0,0,0,0,1,0,0,0,0,0
mhs_29,0,0,0,0,0,0,0,0,0,0,0,0,0,0,0,1,0
mhs_290,0,0,0,0,0,0,0,0,1,0,0,0,0,0,0,0,0
mhs_291,0,0,0,0,0,0,0,0,0,0,0,1,0,0,0,0,0
mhs_292,0,0,0,0,0,0,0,0,1,0,0,0,0,0,0,0,0
mhs_293,0,0,0,0,0,0,0,1,0,0,0,0,0,0,0,0,0
mhs_294,0,0,0,0,0,0,0,0,0,0,0,0,0,0,1,0,0
mhs_295,0,0,1,0,0,0,0,0,0,0,0,0,0,0,0,0,0
mhs_296,0,0,0,0,0,0,0,1,0,0,0,0,0,0,0,0,0
mhs_297,0,0,0,0,0,0,0,0,1,0,0,0,0,0,0,0,0
mhs_298,0,0,0,0,0,1,0,0,0,0,0,0,0,0,0,0,0
mhs_299,0,0,0,0,0,0,0,0,0,0,0,0,0,0,1,0,0
mhs_3,0,0,0,0,0,0,0,0,0,1,0,0,0,0,0,0,0
mhs_30,0,0,0,1,0,0,0,0,0,0,0,0,0,0,0,0,0
mhs_300,0,0,0,0,0,0,0,0,0,0,0,0,1,0,0,0,0
mhs_301,0,0,0,0,0,0,0,0,0,1,0,0,0,0,0,0,0
mhs_302,0,0,0,0,0,0,0,0,0,0,0,0,1,0,0,0,0
mhs_303,0,0,1,0,0,0,0,0,0,0,0,0,0,0,0,0,0
mhs_304,0,0,0,0,0,0,0,0,0,0,0,0,0,0,1,0,0
mhs_305,0,0,1,0,0,0,0,0,0,0,0,0,0,0,0,0,0
mhs_306,0,0,0,0,0,0,0,0,0,0,0,0,0,0,0,0,1
mhs_307,0,0,1,0,0,0,0,0,0,0,0,0,0,0,0,0,0
mhs_308,0,0,1,0,0,0,0,0,0,0,0,0,0,0,0,0,0
mhs_309,0,0,1,0,0,0,0,0,0,0,0,0,0,0,0,0,0
mhs_31,0,0,0,0,0,1,0,0,0,0,0,0,0,0,0,0,0
mhs_310,0,0,0,0,0,0,0,0,0,1,0,0,0,0,0,0,0
mhs_311,0,0,1,0,0,0,0,0,0,0,0,0,0,0,0,0,0
mhs_312,0,0,0,0,0,0,0,0,0,0,0,1,0,0,0,0,0
mhs_313,0,0,1,0,0,0,0,0,0,0,0,0,0,0,0,0,0
mhs_314,1,0,0,0,0,0,0,0,0,0,0,0,0,0,0,0,0
mhs_315,0,0,0,0,0,0,0,0,0,0,0,0,1,0,0,0,0
mhs_316,0,0,1,0,0,0,0,0,0,0,0,0,0,0,0,0,0
mhs_317,0,0,0,0,0,0,0,0,0,1,0,0,0,0,0,0,0
mhs_318,0,0,0,0,0,0,0,0,0,0,0,1,0,0,0,0,0
mhs_319,0,0,0,0,0,0,0,0,0,0,0,0,1,0,0,0,0
mhs_32,0,0,0,0,0,0,0,0,0,0,0,0,0,0,1,0,0
mhs_320,0,0,1,0,0,0,0,0,0,0,0,0,0,0,0,0,0
mhs_321,0,0,0,0,0,0,0,1,0,0,0,0,0,0,0,0,0
mhs_322,0,0,0,0,0,0,0,0,0,0,0,0,0,0,1,0,0
mhs_323,0,0,0,0,0,0,0,0,0,0,0,1,0,0,0,0,0
mhs_324,0,0,0,0,0,0,0,0,0,0,0,0,0,0,0,1,0
mhs_325,0,0,0,0,0,0,0,0,0,0,0,1,0,0,0,0,0
mhs_326,0,0,0,0,0,0,0,0,0,0,0,0,0,0,1,0,0
mhs_327,0,0,0,0,0,0,0,0,0,0,0,0,1,0,0,0,0
mhs_328,0,0,1,0,0,0,0,0,0,0,0,0,0,0,0,0,0
mhs_329,0,0,0,0,0,0,0,0,0,0,0,1,0,0,0,0,0
mhs_33,0,0,0,0,0,0,0,0,0,0,0,0,0,0,0,1,0
mhs_330,0,1,0,0,0,0,0,0,0,0,0,0,0,0,0,0,0
mhs_331,0,0,0,0,0,0,0,0,0,0,0,0,0,0,1,0,0
mhs_332,0,0,0,0,0,0,0,1,0,0,0,0,0,0,0,0,0
mhs_333,0,0,0,0,0,0,0,0,0,0,0,1,0,0,0,0,0
mhs_334,0,0,1,0,0,0,0,0,0,0,0,0,0,0,0,0,0
mhs_335,0,0,1,0,0,0,0,0,0,0,0,0,0,0,0,0,0
mhs_336,0,0,0,0,0,0,0,0,0,0,0,0,0,0,1,0,0
mhs_337,0,0,1,0,0,0,0,0,0,0,0,0,0,0,0,0,0
mhs_338,0,0,0,0,0,0,0,1,0,0,0,0,0,0,0,0,0
mhs_339,0,0,0,0,0,0,0,0,0,0,0,0,0,0,1,0,0
mhs_34,0,0,0,0,0,0,0,0,0,0,0,0,0,0,0,1,0
mhs_340,0,0,0,0,0,0,0,1,0,0,0,0,0,0,0,0,0
mhs_341,0,0,0,0,0,0,0,0,0,0,0,0,0,0,1,0,0
mhs_342,0,0,0,0,0,0,0,1,0,0,0,0,0,0,0,0,0
mhs_343,0,0,1,0,0,0,0,0,0,0,0,0,0,0,0,0,0
mhs_344,0,0,0,0,0,0,0,0,0,0,0,1,0,0,0,0,0
mhs_345,0,0,0,0,0,0,0,0,0,0,0,0,0,0,1,0,0
mhs_346,0,0,0,0,0,0,0,1,0,0,0,0,0,0,0,0,0
mhs_347,0,1,0,0,0,0,0,0,0,0,0,0,0,0,0,0,0
mhs_348,0,0,0,0,0,0,0,0,0,0,0,0,1,0,0,0,0
mhs_349,0,0,0,0,0,0,0,0,1,0,0,0,0,0,0,0,0
mhs_35,0,0,0,0,0,0,0,0,0,0,0,0,0,0,1,0,0
mhs_350,0,0,0,0,0,0,0,0,0,0,0,0,1,0,0,0,0
mhs_351,0,0,0,0,0,0,0,0,0,0,0,0,0,0,1,0,0
mhs_352,0,0,0,0,0,0,0,1,0,0,0,0,0,0,0,0,0
mhs_353,0,0,0,0,0,0,0,0,0,0,0,1,0,0,0,0,0
mhs_354,0,0,0,0,0,0,0,0,0,0,0,0,0,0,0,1,0
mhs_355,0,0,0,0,0,0,0,0,0,0,0,0,0,0,1,0,0
mhs_356,0,0,0,0,0,0,0,0,0,0,0,0,0,0,1,0,0
mhs_357,0,0,0,0,0,0,0,0,0,0,0,0,1,0,0,0,0
mhs_358,0,0,1,0,0,0,0,0,0,0,0,0,0,0,0,0,0
mhs_359,0,0,0,0,0,0,0,0,1,0,0,0,0,0,0,0,0
mhs_36,0,0,0,0,0,0,0,0,0,0,0,0,0,0,1,0,0
mhs_360,0,0,0,0,0,0,0,0,0,0,0,1,0,0,0,0,0
mhs_361,0,0,0,0,0,0,0,1,0,0,0,0,0,0,0,0,0
mhs_362,0,0,1,0,0,0,0,0,0,0,0,0,0,0,0,0,0
mhs_363,0,0,0,0,0,0,0,0,0,0,0,1,0,0,0,0,0
mhs_364,0,0,1,0,0,0,0,0,0,0,0,0,0,0,0,0,0
mhs_365,0,0,0,0,0,0,0,0,0,0,0,1,0,0,0,0,0
mhs_366,0,0,1,0,0,0,0,0,0,0,0,0,0,0,0,0,0
mhs_367,0,0,0,0,0,0,0,1,0,0,0,0,0,0,0,0,0
mhs_368,0,0,1,0,0,0,0,0,0,0,0,0,0,0,0,0,0
mhs_369,0,0,0,0,0,0,0,0,0,0,0,1,0,0,0,0,0
mhs_37,0,0,0,0,0,1,0,0,0,0,0,0,0,0,0,0,0
mhs_370,0,0,0,0,0,0,0,0,0,0,0,0,0,0,0,0,1
mhs_371,0,0,1,0,0,0,0,0,0,0,0,0,0,0,0,0,0
mhs_372,0,0,1,0,0,0,0,0,0,0,0,0,0,0,0,0,0
mhs_373,0,0,0,0,0,0,0,0,0,0,0,0,0,0,0,0,1
mhs_374,0,0,0,0,0,0,0,0,0,0,0,0,0,0,1,0,0
mhs_375,0,0,0,0,0,0,0,0,1,0,0,0,0,0,0,0,0
mhs_376,0,0,0,0,0,0,0,0,0,0,0,0,1,0,0,0,0
mhs_377,0,0,0,0,0,0,0,0,1,0,0,0,0,0,0,0,0
mhs_378,0,0,0,0,0,0,0,0,0,0,0,0,0,0,1,0,0
mhs_379,0,0,0,0,0,0,0,0,1,0,0,0,0,0,0,0,0
mhs_38,0,0,0,0,0,0,0,0,1,0,0,0,0,0,0,0,0
mhs_380,0,0,0,0,0,0,0,0,1,0,0,0,0,0,0,0,0
mhs_381,0,0,0,0,0,0,0,0,1,0,0,0,0,0,0,0,0
mhs_382,0,0,0,0,0,0,0,0,0,0,0,1,0,0,0,0,0
mhs_383,0,0,0,0,0,0,0,0,0,0,0,0,0,0,1,0,0
mhs_384,0,0,0,0,0,0,0,0,0,0,0,1,0,0,0,0,0
mhs_385,0,0,0,0,0,0,0,0,0,0,0,0,0,0,1,0,0
mhs_386,0,0,0,0,0,0,0,0,0,0,0,0,1,0,0,0,0
mhs_387,0,0,1,0,0,0,0,0,0,0,0,0,0,0,0,0,0
mhs_388,0,0,0,0,0,0,0,0,0,0,0,0,0,0,1,0,0
mhs_389,0,0,0,0,0,0,0,0,0,1,0,0,0,0,0,0,0
mhs_39,0,0,0,0,0,1,0,0,0,0,0,0,0,0,0,0,0
mhs_390,0,0,0,0,0,0,0,0,0,0,0,1,0,0,0,0,0
mhs_391,0,0,1,0,0,0,0,0,0,0,0,0,0,0,0,0,0
mhs_392,0,0,0,0,0,0,0,0,0,0,0,0,0,0,1,0,0
mhs_393,0,0,0,0,0,0,0,0,0,0,0,0,0,0,0,0,1
mhs_394,0,0,0,0,0,0,0,0,1,0,0,0,0,0,0,0,0
mhs_395,0,0,0,0,0,0,0,0,0,0,0,0,1,0,0,0,0
mhs_396,0,1,0,0,0,0,0,0,0,0,0,0,0,0,0,0,0
mhs_397,0,0,0,0,0,0,0,0,0,0,0,1,0,0,0,0,0
mhs_398,0,0,0,0,0,0,0,1,0,0,0,0,0,0,0,0,0
mhs_399,0,0,0,0,0,0,0,0,1,0,0,0,0,0,0,0,0
mhs_4,0,0,0,0,1,0,0,0,0,0,0,0,0,0,0,0,0
mhs_40,0,0,0,1,0,0,0,0,0,0,0,0,0,0,0,0,0
mhs_400,0,0,0,0,0,0,0,0,0,0,0,0,1,0,0,0,0
mhs_401,0,0,0,0,0,0,0,0,1,0,0,0,0,0,0,0,0
mhs_402,0,0,1,0,0,0,0,0,0,0,0,0,0,0,0,0,0
mhs_403,0,0,0,0,0,0,0,0,0,0,0,0,0,0,0,0,1
mhs_404,0,0,0,0,0,0,0,0,1,0,0,0,0,0,0,0,0
mhs_405,0,0,0,0,0,0,0,1,0,0,0,0,0,0,0,0,0
mhs_406,0,0,0,0,0,0,0,0,1,0,0,0,0,0,0,0,0
mhs_407,0,0,0,0,0,0,0,0,1,0,0,0,0,0,0,0,0
mhs_408,0,0,0,0,0,1,0,0,0,0,0,0,0,0,0,0,0
mhs_409,0,0,0,0,0,0,0,0,0,0,0,0,0,0,0,0,1
mhs_41,0,0,0,0,0,0,0,0,0,0,0,0,0,0,1,0,0
mhs_410,0,0,0,0,0,0,0,0,0,0,0,0,0,0,1,0,0
mhs_411,0,1,0,0,0,0,0,0,0,0,0,0,0,0,0,0,0
mhs_412,0,0,0,0,0,0,0,0,0,0,0,0,1,0,0,0,0
mhs_413,0,0,0,0,0,0,0,0,1,0,0,0,0,0,0,0,0
mhs_414,0,0,0,0,0,0,0,0,0,0,0,0,0,1,0,0,0
mhs_415,0,1,0,0,0,0,0,0,0,0,0,0,0,0,0,0,0
mhs_416,0,0,0,0,0,0,0,0,0,0,0,1,0,0,0,0,0
mhs_417,0,0,0,0,0,0,0,0,0,0,0,0,0,0,1,0,0
mhs_418,0,0,0,0,0,0,0,0,1,0,0,0,0,0,0,0,0
mhs_419,0,0,1,0,0,0,0,0,0,0,0,0,0,0,0,0,0
mhs_42,0,0,0,0,0,0,0,0,0,0,0,0,0,0,1,0,0
mhs_420,0,0,0,0,0,0,0,0,0,0,0,0,1,0,0,0,0
mhs_421,0,0,0,0,0,0,0,0,0,0,0,0,0,0,1,0,0
mhs_422,0,0,0,0,0,0,0,0,0,0,0,0,1,0,0,0,0
mhs_423,0,0,0,0,0,0,0,0,0,0,0,0,0,0,1,0,0
mhs_424,0,0,1,0,0,0,0,0,0,0,0,0,0,0,0,0,0
mhs_425,0,0,0,0,0,0,0,0,0,0,0,0,0,1,0,0,0
mhs_426,0,0,0,0,0,0,0,0,1,0,0,0,0,0,0,0,0
mhs_427,0,0,0,0,0,0,0,0,0,1,0,0,0,0,0,0,0
mhs_428,0,0,0,0,0,0,0,0,1,0,0,0,0,0,0,0,0
mhs_429,0,0,0,0,0,0,0,1,0,0,0,0,0,0,0,0,0
mhs_43,0,0,0,0,0,0,0,0,0,0,0,1,0,0,0,0,0
mhs_430,0,0,1,0,0,0,0,0,0,0,0,0,0,0,0,0,0
mhs_431,0,0,0,0,0,0,0,1,0,0,0,0,0,0,0,0,0
mhs_432,0,0,0,0,0,0,0,0,1,0,0,0,0,0,0,0,0
mhs_433,0,0,0,0,0,0,0,0,0,0,0,1,0,0,0,0,0
mhs_434,0,0,1,0,0,0,0,0,0,0,0,0,0,0,0,0,0
mhs_435,0,0,0,0,0,0,0,0,0,0,0,1,0,0,0,0,0
mhs_436,0,0,0,0,0,0,0,0,1,0,0,0,0,0,0,0,0
mhs_437,0,0,0,0,0,0,0,1,0,0,0,0,0,0,0,0,0
mhs_438,0,0,1,0,0,0,0,0,0,0,0,0,0,0,0,0,0
mhs_439,0,0,0,0,0,0,0,0,0,0,0,0,0,0,1,0,0
mhs_44,0,0,0,0,0,0,0,0,0,0,0,0,0,0,0,1,0
mhs_440,0,0,0,0,0,0,0,1,0,0,0,0,0,0,0,0,0
mhs_441,0,0,0,0,0,0,0,0,0,0,0,0,0,0,1,0,0
mhs_442,0,0,0,0,0,0,0,0,0,0,0,0,0,1,0,0,0
mhs_443,0,0,0,0,0,0,0,0,0,0,0,0,0,0,0,0,1
mhs_444,0,0,1,0,0,0,0,0,0,0,0,0,0,0,0,0,0
mhs_445,0,0,0,0,0,0,0,0,0,0,0,1,0,0,0,0,0
mhs_446,0,0,0,0,0,0,0,0,0,0,0,0,1,0,0,0,0
mhs_447,1,0,0,0,0,0,0,0,0,0,0,0,0,0,0,0,0
mhs_448,1,0,0,0,0,0,0,0,0,0,0,0,0,0,0,0,0
mhs_449,0,0,0,0,0,0,0,0,1,0,0,0,0,0,0,0,0
mhs_45,0,0,0,1,0,0,0,0,0,0,0,0,0,0,0,0,0
mhs_450,0,0,0,0,0,0,0,1,0,0,0,0,0,0,0,0,0
mhs_451,0,0,1,0,0,0,0,0,0,0,0,0,0,0,0,0,0
mhs_452,0,0,0,0,0,0,0,1,0,0,0,0,0,0,0,0,0
mhs_453,0,0,0,0,0,0,0,1,0,0,0,0,0,0,0,0,0
mhs_454,0,0,0,0,0,0,0,0,0,0,0,0,0,0,1,0,0
mhs_455,0,0,0,0,0,0,0,0,0,0,0,1,0,0,0,0,0
mhs_456,0,0,0,0,0,0,0,1,0,0,0,0,0,0,0,0,0
mhs_457,0,0,1,0,0,0,0,0,0,0,0,0,0,0,0,0,0
mhs_458,0,0,0,0,0,0,0,0,1,0,0,0,0,0,0,0,0
mhs_459,0,0,0,0,0,0,0,1,0,0,0,0,0,0,0,0,0
mhs_46,0,0,0,0,0,0,0,0,0,0,0,1,0,0,0,0,0
mhs_460,0,0,0,0,0,0,0,0,0,0,0,0,0,0,1,0,0
mhs_461,1,0,0,0,0,0,0,0,0,0,0,0,0,0,0,0,0
mhs_462,0,1,0,0,0,0,0,0,0,0,0,0,0,0,0,0,0
mhs_463,0,0,0,0,0,0,0,1,0,0,0,0,0,0,0,0,0
mhs_464,0,0,0,0,0,0,0,0,0,0,0,0,1,0,0,0,0
mhs_465,0,0,1,0,0,0,0,0,0,0,0,0,0,0,0,0,0
mhs_466,0,0,0,0,0,0,0,0,0,0,0,0,1,0,0,0,0
mhs_467,0,0,0,0,0,0,0,0,0,0,0,0,1,0,0,0,0
mhs_468,0,0,0,1,0,0,0,0,0,0,0,0,0,0,0,0,0
mhs_469,0,0,0,0,0,0,0,0,1,0,0,0,0,0,0,0,0
mhs_47,0,0,0,1,0,0,0,0,0,0,0,0,0,0,0,0,0
mhs_470,0,0,1,0,0,0,0,0,0,0,0,0,0,0,0,0,0
mhs_471,0,0,0,0,0,0,0,0,0,0,0,0,1,0,0,0,0
mhs_472,0,0,0,0,0,0,0,0,1,0,0,0,0,0,0,0,0
mhs_473,0,0,0,0,0,0,0,0,0,0,0,0,0,0,1,0,0
mhs_474,0,0,0,0,0,1,0,0,0,0,0,0,0,0,0,0,0
mhs_475,0,0,0,0,0,0,0,0,1,0,0,0,0,0,0,0,0
mhs_476,0,0,0,0,0,0,0,0,0,0,0,1,0,0,0,0,0
mhs_477,0,0,0,0,0,0,0,0,0,0,0,0,0,0,1,0,0
mhs_478,0,0,1,0,0,0,0,0,0,0,0,0,0,0,0,0,0
mhs_479,0,0,0,1,0,0,0,0,0,0,0,0,0,0,0,0,0
mhs_48,0,0,0,0,0,0,0,0,0,0,0,0,0,0,1,0,0
mhs_480,0,0,1,0,0,0,0,0,0,0,0,0,0,0,0,0,0
mhs_481,0,0,0,0,0,0,0,0,1,0,0,0,0,0,0,0,0
mhs_482,0,0,0,1,0,0,0,0,0,0,0,0,0,0,0,0,0
mhs_483,0,0,0,0,0,0,0,1,0,0,0,0,0,0,0,0,0
mhs_484,0,0,0,0,0,0,0,1,0,0,0,0,0,0,0,0,0
mhs_485,0,0,0,0,0,0,0,0,0,1,0,0,0,0,0,0,0
mhs_486,0,0,0,0,0,0,0,1,0,0,0,0,0,0,0,0,0
mhs_487,0,0,0,0,0,0,0,0,0,0,0,0,0,0,1,0,0
mhs_488,0,0,0,0,0,1,0,0,0,0,0,0,0,0,0,0,0
mhs_489,0,0,0,0,0,0,0,0,0,0,0,0,0,0,1,0,0
mhs_49,0,0,0,0,0,0,0,0,0,0,0,0,0,0,0,1,0
mhs_490,0,0,0,0,0,0,0,0,0,0,0,0,1,0,0,0,0
mhs_491,0,0,0,0,0,0,0,0,1,0,0,0,0,0,0,0,0
mhs_492,0,0,0,0,0,1,0,0,0,0,0,0,0,0,0,0,0
mhs_493,0,0,0,0,0,0,0,1,0,0,0,0,0,0,0,0,0
mhs_494,0,0,0,0,0,0,0,0,0,1,0,0,0,0,0,0,0
mhs_495,0,0,0,0,0,0,0,0,0,0,0,1,0,0,0,0,0
mhs_496,0,0,0,0,0,0,0,0,0,0,0,0,0,0,0,0,1
mhs_497,0,0,0,0,0,0,0,0,0,1,0,0,0,0,0,0,0
mhs_498,0,0,0,0,0,0,0,0,1,0,0,0,0,0,0,0,0
mhs_499,0,0,0,0,0,0,0,1,0,0,0,0,0,0,0,0,0
mhs_5,0,0,0,0,0,0,0,0,0,0,0,0,0,0,1,0,0
mhs_50,0,0,0,0,0,0,0,0,0,0,0,0,0,0,0,1,0
mhs_500,0,0,0,0,0,0,0,0,0,0,0,0,0,0,1,0,0
mhs_501,0,0,0,0,0,0,0,1,0,0,0,0,0,0,0,0,0
mhs_502,0,0,0,0,0,0,0,0,0,0,0,0,0,0,1,0,0
mhs_503,0,0,0,0,0,0,0,0,1,0,0,0,0,0,0,0,0
mhs_504,0,0,0,0,0,0,0,0,0,0,0,0,1,0,0,0,0
mhs_505,0,0,0,1,0,0,0,0,0,0,0,0,0,0,0,0,0
mhs_506,0,0,0,0,0,0,0,0,0,0,0,0,0,0,1,0,0
mhs_507,0,0,0,0,0,0,0,0,0,0,0,1,0,0,0,0,0
mhs_508,1,0,0,0,0,0,0,0,0,0,0,0,0,0,0,0,0
mhs_509,0,0,0,0,0,0,0,0,0,0,0,1,0,0,0,0,0
mhs_51,0,0,0,1,0,0,0,0,0,0,0,0,0,0,0,0,0
mhs_510,0,0,0,0,0,0,0,0,0,1,0,0,0,0,0,0,0
mhs_511,0,0,0,0,0,0,0,0,0,0,0,0,0,0,1,0,0
mhs_512,1,0,0,0,0,0,0,0,0,0,0,0,0,0,0,0,0
mhs_513,0,0,0,0,0,0,0,0,0,0,0,1,0,0,0,0,0
mhs_514,0,0,1,0,0,0,0,0,0,0,0,0,0,0,0,0,0
mhs_515,0,0,0,0,0,0,0,0,0,0,0,0,0,0,0,0,1
mhs_516,0,0,0,0,0,0,0,0,1,0,0,0,0,0,0,0,0
mhs_517,0,0,0,0,0,0,0,0,1,0,0,0,0,0,0,0,0
mhs_518,0,0,0,0,0,0,0,0,0,0,0,0,1,0,0,0,0
mhs_519,0,0,0,0,0,0,0,0,0,0,0,0,0,0,1,0,0
mhs_52,0,0,0,0,0,0,0,0,1,0,0,0,0,0,0,0,0
mhs_520,0,0,0,0,0,0,0,0,0,0,0,0,1,0,0,0,0
mhs_521,0,0,0,0,0,0,0,0,0,0,0,0,0,1,0,0,0
mhs_522,0,0,0,0,0,0,0,0,1,0,0,0,0,0,0,0,0
mhs_523,0,0,0,0,0,0,0,1,0,0,0,0,0,0,0,0,0
mhs_524,0,0,0,0,0,0,0,0,0,0,0,0,0,0,0,0,1
mhs_525,0,0,0,0,0,0,0,0,1,0,0,0,0,0,0,0,0
mhs_526,0,0,0,0,0,0,0,0,0,0,0,0,1,0,0,0,0
mhs_527,0,0,0,0,0,0,0,0,0,0,0,1,0,0,0,0,0
mhs_528,0,0,0,0,0,0,0,0,0,1,0,0,0,0,0,0,0
mhs_529,0,0,0,0,0,0,0,0,0,0,0,0,0,0,1,0,0
mhs_53,0,0,0,0,0,0,0,0,0,0,0,1,0,0,0,0,0
mhs_530,0,0,1,0,0,0,0,0,0,0,0,0,0,0,0,0,0
mhs_531,0,0,0,1,0,0,0,0,0,0,0,0,0,0,0,0,0
mhs_532,0,0,0,0,0,0,0,1,0,0,0,0,0,0,0,0,0
mhs_533,0,0,0,0,0,0,0,0,0,0,0,0,0,0,1,0,0
mhs_534,0,0,0,0,0,0,0,0,0,0,0,0,0,0,0,0,1
mhs_535,0,1,0,0,0,0,0,0,0,0,0,0,0,0,0,0,0
mhs_536,0,0,0,0,0,0,0,0,0,0,0,0,1,0,0,0,0
mhs_537,0,0,0,0,0,0,0,0,0,0,0,1,0,0,0,0,0
mhs_538,0,0,0,0,0,0,0,0,0,0,0,0,0,0,1,0,0
mhs_539,0,0,0,0,0,0,0,1,0,0,0,0,0,0,0,0,0
mhs_54,0,0,0,0,0,0,0,0,0,0,0,1,0,0,0,0,0
mhs_540,0,1,0,0,0,0,0,0,0,0,0,0,0,0,0,0,0
mhs_541,0,0,0,0,0,0,0,0,0,0,0,1,0,0,0,0,0
mhs_542,0,0,1,0,0,0,0,0,0,0,0,0,0,0,0,0,0
mhs_543,0,0,0,0,0,0,0,0,0,0,0,0,0,1,0,0,0
mhs_544,0,0,0,0,0,0,0,0,1,0,0,0,0,0,0,0,0
mhs_545,0,0,0,0,0,0,0,0,0,0,0,0,1,0,0,0,0
mhs_546,0,0,1,0,0,0,0,0,0,0,0,0,0,0,0,0,0
mhs_547,0,0,0,0,0,0,0,0,1,0,0,0,0,0,0,0,0
mhs_548,0,0,0,0,0,0,0,0,0,0,0,0,0,0,0,0,1
mhs_549,0,0,0,0,0,0,0,0,0,0,0,0,0,0,1,0,0
mhs_55,0,0,0,0,0,0,0,0,0,0,0,0,0,0,1,0,0
mhs_550,0,0,0,0,0,0,0,0,0,0,0,0,0,1,0,0,0
mhs_551,0,0,0,0,0,0,0,1,0,0,0,0,0,0,0,0,0
mhs_552,0,0,0,0,0,0,0,0,0,1,0,0,0,0,0,0,0
mhs_553,0,0,0,0,0,0,0,0,0,0,0,1,0,0,0,0,0
mhs_554,0,0,0,0,0,0,0,0,0,0,0,0,0,0,1,0,0
mhs_555,0,0,0,0,0,0,0,0,0,0,0,0,0,0,0,0,1
mhs_556,0,0,0,0,0,0,0,0,0,0,0,1,0,0,0,0,0
mhs_557,0,0,0,0,0,0,0,0,0,0,0,0,0,0,1,0,0
mhs_558,0,0,0,0,0,0,0,0,0,0,0,0,0,1,0,0,0
mhs_559,0,0,0,0,0,0,0,1,0,0,0,0,0,0,0,0,0
mhs_56,0,0,0,0,0,0,0,0,0,0,0,1,0,0,0,0,0
mhs_560,0,0,0,0,0,0,0,0,0,0,0,0,0,1,0,0,0
mhs_561,0,0,0,0,0,0,0,0,0,0,0,0,0,0,1,0,0
mhs_562,0,0,0,0,0,0,0,0,0,0,0,0,0,0,0,0,1
mhs_563,1,0,0,0,0,0,0,0,0,0,0,0,0,0,0,0,0
mhs_564,0,0,0,0,0,0,0,0,0,0,0,0,1,0,0,0,0
mhs_565,0,0,0,0,0,0,0,0,1,0,0,0,0,0,0,0,0
mhs_566,0,0,0,0,0,0,0,0,0,0,0,0,0,0,0,0,1
mhs_567,0,0,0,0,0,0,0,0,0,1,0,0,0,0,0,0,0
mhs_568,0,0,0,0,0,0,0,0,0,0,0,0,0,0,1,0,0
mhs_569,0,0,0,0,0,0,0,0,0,0,0,1,0,0,0,0,0
mhs_57,0,0,0,0,0,1,0,0,0,0,0,0,0,0,0,0,0
mhs_570,0,0,0,0,0,0,0,0,0,0,0,0,0,1,0,0,0
mhs_571,0,0,1,0,0,0,0,0,0,0,0,0,0,0,0,0,0
mhs_572,0,0,0,0,0,1,0,0,0,0,0,0,0,0,0,0,0
mhs_573,0,0,1,0,0,0,0,0,0,0,0,0,0,0,0,0,0
mhs_574,0,0,0,0,0,0,0,0,0,0,0,1,0,0,0,0,0
mhs_575,0,0,0,0,0,0,0,0,0,0,0,0,0,0,0,0,1
mhs_576,0,0,0,0,0,0,0,0,0,0,0,0,0,0,1,0,0
mhs_577,0,0,1,0,0,0,0,0,0,0,0,0,0,0,0,0,0
mhs_578,0,0,0,0,0,0,0,0,0,0,0,0,0,0,0,0,1
mhs_579,0,0,0,0,0,0,0,0,0,0,0,1,0,0,0,0,0
mhs_58,0,0,0,0,0,0,0,0,0,0,0,0,0,0,0,1,0
mhs_580,0,0,0,0,0,0,0,1,0,0,0,0,0,0,0,0,0
mhs_581,0,0,0,0,0,1,0,0,0,0,0,0,0,0,0,0,0
mhs_582,0,0,1,0,0,0,0,0,0,0,0,0,0,0,0,0,0
mhs_583,0,0,0,0,0,0,0,1,0,0,0,0,0,0,0,0,0
mhs_584,0,0,0,0,0,0,0,0,0,0,0,0,0,0,0,1,0
mhs_585,0,0,0,0,0,0,0,0,0,0,0,0,0,0,1,0,0
mhs_586,0,0,0,0,0,0,0,0,0,0,0,0,0,1,0,0,0
mhs_587,0,0,0,0,0,0,0,0,0,0,0,0,0,0,1,0,0
mhs_588,0,0,0,0,0,0,0,0,0,0,0,0,1,0,0,0,0
mhs_589,0,0,1,0,0,0,0,0,0,0,0,0,0,0,0,0,0
mhs_59,0,0,0,0,0,0,0,0,0,0,0,0,0,0,0,1,0
mhs_590,0,0,0,0,0,0,0,1,0,0,0,0,0,0,0,0,0
mhs_591,0,0,0,0,0,0,0,0,1,0,0,0,0,0,0,0,0
mhs_592,0,0,1,0,0,0,0,0,0,0,0,0,0,0,0,0,0
mhs_593,0,0,0,0,0,0,0,1,0,0,0,0,0,0,0,0,0
mhs_594,0,0,0,0,0,0,0,0,0,0,0,0,0,0,1,0,0
mhs_595,0,0,0,0,0,0,0,0,0,1,0,0,0,0,0,0,0
mhs_596,0,0,0,0,0,0,0,0,0,0,0,0,0,1,0,0,0
mhs_597,0,0,0,0,0,0,0,0,0,0,0,0,0,0,0,0,1
mhs_598,0,0,0,0,0,1,0,0,0,0,0,0,0,0,0,0,0
mhs_599,0,0,0,0,1,0,0,0,0,0,0,0,0,0,0,0,0
mhs_6,0,0,0,0,0,0,0,0,0,1,0,0,0,0,0,0,0
mhs_60,0,0,0,0,0,0,0,0,0,0,0,0,0,0,0,1,0
mhs_600,0,0,0,0,0,0,0,0,0,0,0,0,0,0,1,0,0
mhs_601,0,0,0,0,1,0,0,0,0,0,0,0,0,0,0,0,0
mhs_602,0,0,1,0,0,0,0,0,0,0,0,0,0,0,0,0,0
mhs_603,0,0,0,0,0,0,0,1,0,0,0,0,0,0,0,0,0
mhs_604,0,0,0,0,0,0,0,0,0,0,0,0,0,0,0,0,1
mhs_605,0,0,0,0,0,0,0,0,1,0,0,0,0,0,0,0,0
mhs_606,0,0,0,0,0,0,0,0,0,0,0,1,0,0,0,0,0
mhs_607,0,0,0,0,0,0,0,0,0,1,0,0,0,0,0,0,0
mhs_608,0,0,0,1,0,0,0,0,0,0,0,0,0,0,0,0,0
mhs_609,0,0,1,0,0,0,0,0,0,0,0,0,0,0,0,0,0
mhs_61,0,0,0,0,0,0,0,0,0,0,0,0,0,0,0,1,0
mhs_610,0,0,0,0,0,0,0,0,0,0,0,0,0,0,0,0,1
mhs_611,0,0,0,0,0,1,0,0,0,0,0,0,0,0,0,0,0
mhs_612,0,0,1,0,0,0,0,0,0,0,0,0,0,0,0,0,0
mhs_613,0,0,1,0,0,0,0,0,0,0,0,0,0,0,0,0,0
mhs_614,0,0,0,0,0,0,0,0,0,0,0,0,1,0,0,0,0
mhs_615,0,0,0,0,0,0,0,0,0,1,0,0,0,0,0,0,0
mhs_616,0,0,0,0,0,0,0,0,0,0,0,0,0,0,1,0,0
mhs_617,0,0,0,0,1,0,0,0,0,0,0,0,0,0,0,0,0
mhs_618,0,0,0,0,0,0,0,0,0,0,0,0,1,0,0,0,0
mhs_619,0,0,0,0,0,0,0,0,0,0,0,0,0,0,1,0,0
mhs_62,0,0,0,0,0,0,0,0,0,0,0,1,0,0,0,0,0
mhs_620,0,0,0,1,0,0,0,0,0,0,0,0,0,0,0,0,0
mhs_621,0,0,0,0,0,0,0,0,0,0,0,0,0,0,1,0,0
mhs_622,0,0,0,0,1,0,0,0,0,0,0,0,0,0,0,0,0
mhs_623,0,0,0,0,0,0,0,0,0,0,0,0,0,0,0,0,1
mhs_624,0,0,0,0,0,0,0,0,0,0,0,0,0,1,0,0,0
mhs_625,0,0,1,0,0,0,0,0,0,0,0,0,0,0,0,0,0
mhs_626,0,0,0,0,0,0,0,0,1,0,0,0,0,0,0,0,0
mhs_627,0,0,0,1,0,0,0,0,0,0,0,0,0,0,0,0,0
mhs_628,0,0,0,0,0,0,0,0,0,0,0,0,0,0,1,0,0
mhs_629,0,0,0,0,0,0,0,0,0,0,0,0,0,0,1,0,0
mhs_63,0,0,0,0,0,0,0,0,0,0,0,0,0,0,0,1,0
mhs_630,0,0,0,0,0,0,0,0,0,0,0,0,0,0,1,0,0
mhs_631,0,0,0,0,0,0,0,0,0,0,1,0,0,0,0,0,0
mhs_632,0,0,0,0,0,0,0,0,0,1,0,0,0,0,0,0,0
mhs_633,0,0,0,0,0,0,0,0,0,0,0,0,0,0,1,0,0
mhs_634,0,0,0,0,0,0,0,0,0,0,0,0,0,0,1,0,0
mhs_635,0,0,1,0,0,0,0,0,0,0,0,0,0,0,0,0,0
mhs_636,0,0,0,0,0,0,0,0,0,0,0,0,0,0,1,0,0
mhs_637,0,0,0,1,0,0,0,0,0,0,0,0,0,0,0,0,0
mhs_638,0,0,0,0,0,0,0,0,0,0,0,0,0,0,1,0,0
mhs_639,0,0,0,0,0,0,0,0,0,0,0,0,0,1,0,0,0
mhs_64,0,0,0,0,0,0,0,0,0,0,0,0,0,0,0,1,0
mhs_640,0,0,0,0,0,0,0,0,0,0,0,0,0,1,0,0,0
mhs_641,0,0,1,0,0,0,0,0,0,0,0,0,0,0,0,0,0
mhs_642,0,0,0,0,0,0,0,0,0,0,0,1,0,0,0,0,0
mhs_643,1,0,0,0,0,0,0,0,0,0,0,0,0,0,0,0,0
mhs_644,0,0,1,0,0,0,0,0,0,0,0,0,0,0,0,0,0
mhs_645,0,0,0,0,1,0,0,0,0,0,0,0,0,0,0,0,0
mhs_646,0,0,0,0,0,0,0,0,0,0,0,0,0,1,0,0,0
mhs_647,1,0,0,0,0,0,0,0,0,0,0,0,0,0,0,0,0
mhs_648,0,0,0,0,0,0,0,0,0,0,0,0,0,1,0,0,0
mhs_649,0,0,0,0,0,0,0,0,0,0,0,0,0,1,0,0,0
mhs_65,0,0,0,0,0,0,0,0,1,0,0,0,0,0,0,0,0
mhs_650,0,0,0,0,0,0,0,0,0,0,0,0,0,0,0,0,1
mhs_651,0,0,0,0,1,0,0,0,0,0,0,0,0,0,0,0,0
mhs_652,0,0,0,0,1,0,0,0,0,0,0,0,0,0,0,0,0
mhs_653,0,0,0,1,0,0,0,0,0,0,0,0,0,0,0,0,0
mhs_654,0,0,0,0,0,0,0,0,1,0,0,0,0,0,0,0,0
mhs_655,0,0,0,0,0,0,0,0,0,0,0,0,1,0,0,0,0
mhs_656,0,0,1,0,0,0,0,0,0,0,0,0,0,0,0,0,0
mhs_657,0,0,0,0,1,0,0,0,0,0,0,0,0,0,0,0,0
mhs_658,0,0,0,0,0,0,0,0,0,0,0,0,0,0,1,0,0
mhs_659,0,0,0,0,1,0,0,0,0,0,0,0,0,0,0,0,0
mhs_66,0,0,0,0,0,0,0,0,0,0,0,0,0,0,1,0,0
mhs_660,0,0,0,0,0,1,0,0,0,0,0,0,0,0,0,0,0
mhs_661,0,0,0,0,0,0,0,1,0,0,0,0,0,0,0,0,0
mhs_662,0,0,0,0,0,0,0,0,1,0,0,0,0,0,0,0,0
mhs_663,0,0,0,0,0,0,0,0,0,0,0,1,0,0,0,0,0
mhs_664,0,0,0,0,0,0,0,0,0,0,0,0,0,0,0,0,1
mhs_665,0,0,0,0,0,0,0,0,0,0,0,0,0,0,1,0,0
mhs_666,0,0,0,0,0,0,0,0,0,0,0,0,1,0,0,0,0
mhs_667,0,0,0,0,0,0,0,0,0,0,0,0,0,0,0,0,1
mhs_668,0,0,0,0,0,0,0,0,1,0,0,0,0,0,0,0,0
mhs_669,0,0,0,0,0,0,0,0,1,0,0,0,0,0,0,0,0
mhs_67,0,0,0,0,0,0,0,0,0,0,0,0,0,0,0,1,0
mhs_670,0,0,1,0,0,0,0,0,0,0,0,0,0,0,0,0,0
mhs_671,0,0,1,0,0,0,0,0,0,0,0,0,0,0,0,0,0
mhs_672,0,0,0,0,0,0,0,1,0,0,0,0,0,0,0,0,0
mhs_673,0,0,0,0,0,0,0,0,1,0,0,0,0,0,0,0,0
mhs_674,0,0,0,0,0,0,0,0,0,0,0,0,0,0,1,0,0
mhs_675,0,0,0,0,0,1,0,0,0,0,0,0,0,0,0,0,0
mhs_676,0,0,0,0,0,0,0,0,0,0,0,0,0,0,0,0,1
mhs_677,0,0,0,0,0,0,0,0,0,0,0,0,0,0,1,0,0
mhs_678,0,0,0,0,0,0,0,0,0,0,0,0,0,1,0,0,0
mhs_679,0,0,1,0,0,0,0,0,0,0,0,0,0,0,0,0,0
mhs_68,0,0,0,0,0,0,0,0,0,0,0,1,0,0,0,0,0
mhs_680,0,0,0,0,0,0,0,0,0,0,0,0,1,0,0,0,0
mhs_681,0,0,0,0,0,0,0,0,0,0,0,0,0,0,1,0,0
mhs_682,0,0,0,0,1,0,0,0,0,0,0,0,0,0,0,0,0
mhs_683,0,0,0,0,0,0,0,0,0,0,0,0,0,0,1,0,0
mhs_684,0,0,0,0,0,0,0,0,0,0,0,1,0,0,0,0,0
mhs_685,0,0,0,0,0,0,0,0,0,1,0,0,0,0,0,0,0
mhs_686,0,0,0,0,0,0,0,0,0,0,0,0,0,1,0,0,0
mhs_687,0,0,0,0,0,0,0,1,0,0,0,0,0,0,0,0,0
mhs_688,0,0,0,0,0,0,0,0,0,0,0,1,0,0,0,0,0
mhs_689,0,0,0,0,0,0,0,0,0,0,0,0,0,0,0,1,0
mhs_69,0,0,0,0,0,1,0,0,0,0,0,0,0,0,0,0,0
mhs_690,0,0,0,1,0,0,0,0,0,0,0,0,0,0,0,0,0
mhs_691,0,0,0,0,0,0,0,0,0,0,0,0,0,0,0,0,1
mhs_692,0,0,1,0,0,0,0,0,0,0,0,0,0,0,0,0,0
mhs_693,0,0,0,0,0,0,0,0,0,0,0,0,0,0,0,0,1
mhs_694,0,0,1,0,0,0,0,0,0,0,0,0,0,0,0,0,0
mhs_695,0,0,0,0,0,0,0,0,0,0,0,1,0,0,0,0,0
mhs_696,0,0,0,0,0,0,0,0,0,0,0,1,0,0,0,0,0
mhs_697,0,0,0,1,0,0,0,0,0,0,0,0,0,0,0,0,0
mhs_698,0,0,1,0,0,0,0,0,0,0,0,0,0,0,0,0,0
mhs_699,0,0,0,1,0,0,0,0,0,0,0,0,0,0,0,0,0
mhs_7,0,0,0,0,0,0,0,0,0,1,0,0,0,0,0,0,0
mhs_70,0,0,0,0,0,0,0,0,0,0,0,1,0,0,0,0,0
mhs_700,0,0,0,0,0,0,0,0,0,1,0,0,0,0,0,0,0
mhs_701,0,0,0,0,0,0,0,1,0,0,0,0,0,0,0,0,0
mhs_702,0,0,0,0,0,0,0,0,0,0,0,0,0,1,0,0,0
mhs_703,0,0,0,0,0,0,0,1,0,0,0,0,0,0,0,0,0
mhs_704,0,0,0,0,0,0,0,0,0,0,0,0,0,0,1,0,0
mhs_705,0,0,0,0,1,0,0,0,0,0,0,0,0,0,0,0,0
mhs_706,0,0,1,0,0,0,0,0,0,0,0,0,0,0,0,0,0
mhs_707,0,0,0,0,0,0,0,0,0,0,0,0,0,1,0,0,0
mhs_708,0,0,0,0,0,0,0,0,1,0,0,0,0,0,0,0,0
mhs_709,0,0,0,0,0,0,0,1,0,0,0,0,0,0,0,0,0
mhs_71,0,0,0,0,0,0,0,0,0,0,0,0,0,0,0,1,0
mhs_710,0,0,0,1,0,0,0,0,0,0,0,0,0,0,0,0,0
mhs_711,0,0,0,0,0,0,0,1,0,0,0,0,0,0,0,0,0
mhs_712,0,0,0,0,1,0,0,0,0,0,0,0,0,0,0,0,0
mhs_713,0,0,0,0,0,0,0,0,0,0,0,0,0,0,1,0,0
mhs_714,0,0,0,0,0,0,0,0,0,0,0,0,1,0,0,0,0
mhs_715,0,0,0,0,0,0,0,0,0,0,0,0,0,0,1,0,0
mhs_716,0,0,0,0,0,0,0,1,0,0,0,0,0,0,0,0,0
mhs_717,0,0,1,0,0,0,0,0,0,0,0,0,0,0,0,0,0
mhs_718,0,0,0,0,0,1,0,0,0,0,0,0,0,0,0,0,0
mhs_719,0,0,0,0,0,0,0,0,1,0,0,0,0,0,0,0,0
mhs_72,0,0,0,0,0,0,0,0,0,0,0,1,0,0,0,0,0
mhs_720,0,0,0,0,0,0,0,1,0,0,0,0,0,0,0,0,0
mhs_721,0,0,0,0,0,0,0,0,0,0,0,0,0,0,1,0,0
mhs_722,0,0,0,0,0,0,0,1,0,0,0,0,0,0,0,0,0
mhs_723,0,0,1,0,0,0,0,0,0,0,0,0,0,0,0,0,0
mhs_724,0,0,0,0,0,0,0,0,0,0,0,1,0,0,0,0,0
mhs_725,0,0,0,0,0,0,0,0,0,0,0,0,0,0,1,0,0
mhs_726,0,0,0,0,0,0,0,0,1,0,0,0,0,0,0,0,0
mhs_727,0,0,0,1,0,0,0,0,0,0,0,0,0,0,0,0,0
mhs_728,0,0,0,0,0,0,0,1,0,0,0,0,0,0,0,0,0
mhs_729,0,0,1,0,0,0,0,0,0,0,0,0,0,0,0,0,0
mhs_73,0,0,0,0,0,0,0,0,0,0,0,0,0,0,0,1,0
mhs_730,0,0,0,0,0,0,0,1,0,0,0,0,0,0,0,0,0
mhs_731,0,0,1,0,0,0,0,0,0,0,0,0,0,0,0,0,0
mhs_732,0,0,0,0,0,0,0,1,0,0,0,0,0,0,0,0,0
mhs_733,0,0,1,0,0,0,0,0,0,0,0,0,0,0,0,0,0
mhs_734,0,0,0,0,1,0,0,0,0,0,0,0,0,0,0,0,0
mhs_735,0,0,1,0,0,0,0,0,0,0,0,0,0,0,0,0,0
mhs_736,0,0,0,0,0,1,0,0,0,0,0,0,0,0,0,0,0
mhs_737,0,0,0,0,0,0,0,0,0,0,0,0,0,0,0,0,1
mhs_738,0,0,0,1,0,0,0,0,0,0,0,0,0,0,0,0,0
mhs_739,0,0,1,0,0,0,0,0,0,0,0,0,0,0,0,0,0
mhs_74,0,0,0,0,0,0,0,0,0,0,0,0,0,0,1,0,0
mhs_740,0,0,0,0,0,1,0,0,0,0,0,0,0,0,0,0,0
mhs_741,0,0,0,0,0,0,0,0,0,0,0,0,0,0,0,0,1
mhs_742,0,0,1,0,0,0,0,0,0,0,0,0,0,0,0,0,0
mhs_743,0,0,0,0,1,0,0,0,0,0,0,0,0,0,0,0,0
mhs_744,0,0,0,0,0,0,0,1,0,0,0,0,0,0,0,0,0
mhs_745,0,0,0,0,0,0,0,0,1,0,0,0,0,0,0,0,0
mhs_746,0,0,0,0,1,0,0,0,0,0,0,0,0,0,0,0,0
mhs_747,0,0,0,0,0,0,0,0,0,0,0,0,0,0,1,0,0
mhs_748,0,0,0,0,0,0,0,0,0,0,0,0,1,0,0,0,0
mhs_749,0,0,0,0,0,0,0,0,0,1,0,0,0,0,0,0,0
mhs_75,0,0,0,0,0,0,0,0,0,0,0,0,0,0,1,0,0
mhs_750,0,0,0,0,0,0,0,0,1,0,0,0,0,0,0,0,0
mhs_751,0,0,0,0,0,0,0,0,0,0,0,0,1,0,0,0,0
mhs_752,0,0,0,0,0,0,0,0,0,0,0,0,0,0,0,0,1
mhs_753,0,0,0,0,0,0,0,0,0,0,0,0,0,0,1,0,0
mhs_754,0,0,0,0,0,0,0,0,0,0,0,0,1,0,0,0,0
mhs_755,0,0,0,0,0,0,0,1,0,0,0,0,0,0,0,0,0
mhs_756,0,0,0,0,0,0,0,0,0,0,0,0,0,0,1,0,0
mhs_757,0,0,0,0,0,0,0,1,0,0,0,0,0,0,0,0,0
mhs_758,0,0,0,0,0,0,0,0,0,0,0,0,0,0,1,0,0
mhs_759,0,0,0,0,0,0,0,0,0,0,0,1,0,0,0,0,0
mhs_76,0,0,0,0,0,0,0,0,0,0,0,0,0,0,1,0,0
mhs_760,0,0,0,0,0,0,0,1,0,0,0,0,0,0,0,0,0
mhs_761,0,0,0,0,0,0,0,0,1,0,0,0,0,0,0,0,0
mhs_762,0,0,1,0,0,0,0,0,0,0,0,0,0,0,0,0,0
mhs_763,0,0,0,0,0,0,0,0,0,0,0,0,0,0,1,0,0
mhs_764,0,0,0,0,0,0,0,1,0,0,0,0,0,0,0,0,0
mhs_765,0,0,0,0,0,0,0,0,0,0,0,0,0,0,1,0,0
mhs_766,0,0,0,0,1,0,0,0,0,0,0,0,0,0,0,0,0
mhs_767,0,0,0,0,0,0,0,0,1,0,0,0,0,0,0,0,0
mhs_768,0,0,0,0,0,0,0,0,1,0,0,0,0,0,0,0,0
mhs_769,0,0,0,0,0,0,0,0,0,0,0,0,0,0,1,0,0
mhs_77,0,0,0,0,0,0,0,0,0,0,0,0,0,0,0,1,0
mhs_770,0,0,0,0,0,1,0,0,0,0,0,0,0,0,0,0,0
mhs_771,0,0,1,0,0,0,0,0,0,0,0,0,0,0,0,0,0
mhs_772,0,0,0,0,0,0,0,0,1,0,0,0,0,0,0,0,0
mhs_773,0,0,0,0,0,0,0,0,0,0,0,0,1,0,0,0,0
mhs_774,0,0,0,0,0,0,0,0,0,0,0,1,0,0,0,0,0
mhs_775,0,0,0,0,0,0,0,0,1,0,0,0,0,0,0,0,0
mhs_776,0,0,0,1,0,0,0,0,0,0,0,0,0,0,0,0,0
mhs_777,0,0,0,0,0,0,0,0,1,0,0,0,0,0,0,0,0
mhs_778,0,0,0,0,1,0,0,0,0,0,0,0,0,0,0,0,0
mhs_779,0,0,0,0,0,0,0,0,1,0,0,0,0,0,0,0,0
mhs_78,0,0,0,0,0,0,0,0,0,0,0,0,0,0,1,0,0
mhs_780,0,0,0,0,0,0,0,0,0,0,0,0,0,0,1,0,0
mhs_781,0,0,1,0,0,0,0,0,0,0,0,0,0,0,0,0,0
mhs_782,0,0,0,0,0,0,0,0,0,0,0,0,0,1,0,0,0
mhs_783,0,0,0,0,0,0,0,0,1,0,0,0,0,0,0,0,0
mhs_784,0,0,0,0,0,0,0,0,0,0,0,0,0,1,0,0,0
mhs_785,0,0,0,0,0,0,0,0,0,0,0,0,0,0,0,0,1
mhs_786,0,0,0,0,1,0,0,0,0,0,0,0,0,0,0,0,0
mhs_787,0,0,0,0,0,0,0,1,0,0,0,0,0,0,0,0,0
mhs_788,0,0,1,0,0,0,0,0,0,0,0,0,0,0,0,0,0
mhs_789,0,0,0,0,0,0,0,0,0,0,0,0,1,0,0,0,0
mhs_79,0,0,0,0,0,0,0,0,0,0,0,1,0,0,0,0,0
mhs_790,0,0,0,0,0,0,0,0,1,0,0,0,0,0,0,0,0
mhs_791,0,0,0,0,0,0,0,1,0,0,0,0,0,0,0,0,0
mhs_792,0,0,0,0,0,0,0,1,0,0,0,0,0,0,0,0,0
mhs_793,0,0,0,0,0,1,0,0,0,0,0,0,0,0,0,0,0
mhs_794,0,0,0,0,0,0,0,0,0,0,0,0,0,0,1,0,0
mhs_795,0,0,0,0,0,0,0,1,0,0,0,0,0,0,0,0,0
mhs_796,0,0,0,0,0,0,0,0,0,0,0,1,0,0,0,0,0
mhs_797,0,0,0,0,0,0,0,0,0,0,0,0,0,0,0,0,1
mhs_798,0,0,0,0,0,0,0,1,0,0,0,0,0,0,0,0,0
mhs_799,0,0,1,0,0,0,0,0,0,0,0,0,0,0,0,0,0
mhs_8,0,0,0,0,0,0,0,0,0,1,0,0,0,0,0,0,0
mhs_80,0,0,0,0,0,0,0,0,1,0,0,0,0,0,0,0,0
mhs_800,0,0,0,1,0,0,0,0,0,0,0,0,0,0,0,0,0
mhs_801,0,0,0,0,0,0,0,0,0,0,0,0,0,0,1,0,0
mhs_802,0,0,0,0,1,0,0,0,0,0,0,0,0,0,0,0,0
mhs_803,0,0,0,0,1,0,0,0,0,0,0,0,0,0,0,0,0
mhs_804,0,0,0,0,0,0,0,0,0,1,0,0,0,0,0,0,0
mhs_805,0,0,0,1,0,0,0,0,0,0,0,0,0,0,0,0,0
mhs_806,0,0,0,0,0,0,0,0,0,0,0,0,0,0,1,0,0
mhs_807,0,0,0,0,0,0,0,1,0,0,0,0,0,0,0,0,0
mhs_808,0,0,1,0,0,0,0,0,0,0,0,0,0,0,0,0,0
mhs_809,0,0,0,0,0,0,0,0,0,0,1,0,0,0,0,0,0
mhs_81,0,0,0,0,0,0,0,0,0,0,0,1,0,0,0,0,0
mhs_810,0,0,0,0,0,0,0,0,0,0,0,0,0,0,1,0,0
mhs_811,0,0,1,0,0,0,0,0,0,0,0,0,0,0,0,0,0
mhs_812,0,0,0,0,0,1,0,0,0,0,0,0,0,0,0,0,0
mhs_813,0,0,1,0,0,0,0,0,0,0,0,0,0,0,0,0,0
mhs_814,0,0,0,0,0,1,0,0,0,0,0,0,0,0,0,0,0
mhs_815,0,0,0,0,0,0,0,0,0,0,0,0,0,0,0,0,1
mhs_816,0,0,0,0,0,0,0,0,0,0,0,0,0,0,1,0,0
mhs_817,0,0,0,0,0,0,0,0,0,0,0,0,1,0,0,0,0
mhs_818,0,0,0,0,0,0,0,0,0,0,0,0,1,0,0,0,0
mhs_819,0,0,0,0,1,0,0,0,0,0,0,0,0,0,0,0,0
mhs_82,0,0,0,0,0,1,0,0,0,0,0,0,0,0,0,0,0
mhs_820,0,0,1,0,0,0,0,0,0,0,0,0,0,0,0,0,0
mhs_821,0,0,1,0,0,0,0,0,0,0,0,0,0,0,0,0,0
mhs_822,0,0,0,0,0,0,0,0,0,0,1,0,0,0,0,0,0
mhs_823,0,0,0,0,0,0,0,0,0,0,0,0,0,0,0,0,1
mhs_824,0,0,0,0,0,1,0,0,0,0,0,0,0,0,0,0,0
mhs_825,0,0,0,0,0,0,0,0,0,0,0,0,0,1,0,0,0
mhs_826,0,0,0,0,0,0,0,1,0,0,0,0,0,0,0,0,0
mhs_827,0,0,0,0,0,0,0,0,0,0,0,0,0,0,0,0,1
mhs_828,0,0,0,0,0,0,0,0,1,0,0,0,0,0,0,0,0
mhs_829,0,0,0,0,0,0,0,1,0,0,0,0,0,0,0,0,0
mhs_83,0,0,0,0,0,0,0,1,0,0,0,0,0,0,0,0,0
mhs_830,0,0,1,0,0,0,0,0,0,0,0,0,0,0,0,0,0
mhs_831,0,0,0,0,1,0,0,0,0,0,0,0,0,0,0,0,0
mhs_832,0,0,0,0,0,0,0,0,0,0,0,1,0,0,0,0,0
mhs_833,0,0,0,1,0,0,0,0,0,0,0,0,0,0,0,0,0
mhs_834,0,0,0,0,0,0,0,0,1,0,0,0,0,0,0,0,0
mhs_835,0,0,0,1,0,0,0,0,0,0,0,0,0,0,0,0,0
mhs_836,0,0,0,1,0,0,0,0,0,0,0,0,0,0,0,0,0
mhs_837,0,0,0,0,0,0,0,0,0,0,0,0,0,0,1,0,0
mhs_838,0,0,0,0,0,1,0,0,0,0,0,0,0,0,0,0,0
mhs_839,0,0,0,0,1,0,0,0,0,0,0,0,0,0,0,0,0
mhs_84,0,0,0,0,0,0,0,0,0,0,0,0,0,0,0,1,0
mhs_840,0,0,0,0,0,0,0,0,0,0,0,0,0,0,1,0,0
mhs_841,0,0,0,0,0,0,0,0,0,0,0,0,0,1,0,0,0
mhs_842,0,0,1,0,0,0,0,0,0,0,0,0,0,0,0,0,0
mhs_843,0,0,0,0,0,0,0,1,0,0,0,0,0,0,0,0,0
mhs_844,0,0,0,0,0,0,0,0,0,0,0,1,0,0,0,0,0
mhs_845,0,0,0,0,0,0,0,0,0,0,0,0,0,0,1,0,0
mhs_846,0,0,0,0,0,0,0,1,0,0,0,0,0,0,0,0,0
mhs_847,0,0,0,0,0,0,0,0,0,0,0,0,0,0,1,0,0
mhs_848,0,0,0,0,0,1,0,0,0,0,0,0,0,0,0,0,0
mhs_849,0,0,0,0,0,0,0,0,0,1,0,0,0,0,0,0,0
mhs_85,0,0,0,0,0,0,0,0,0,0,0,0,0,0,0,1,0
mhs_850,0,0,0,1,0,0,0,0,0,0,0,0,0,0,0,0,0
mhs_851,0,0,0,0,0,0,0,0,1,0,0,0,0,0,0,0,0
mhs_852,0,0,0,0,0,0,0,1,0,0,0,0,0,0,0,0,0
mhs_853,0,0,0,1,0,0,0,0,0,0,0,0,0,0,0,0,0
mhs_854,0,0,0,0,0,0,0,0,0,0,0,0,0,0,1,0,0
mhs_855,0,0,0,0,0,0,0,0,0,0,0,0,0,0,1,0,0
mhs_856,0,0,0,0,0,0,0,0,0,0,0,0,0,1,0,0,0
mhs_857,0,0,0,0,0,0,0,0,0,0,0,1,0,0,0,0,0
mhs_858,0,0,0,0,0,0,0,0,0,0,1,0,0,0,0,0,0
mhs_859,0,0,0,0,1,0,0,0,0,0,0,0,0,0,0,0,0
mhs_86,0,0,0,0,0,0,0,0,0,0,0,1,0,0,0,0,0
mhs_860,0,0,0,0,0,0,0,0,0,0,0,0,0,0,0,0,1
mhs_861,0,0,0,1,0,0,0,0,0,0,0,0,0,0,0,0,0
mhs_862,0,0,0,1,0,0,0,0,0,0,0,0,0,0,0,0,0
mhs_863,0,0,0,0,0,0,0,0,1,0,0,0,0,0,0,0,0
mhs_864,0,0,0,0,0,0,0,0,1,0,0,0,0,0,0,0,0
mhs_865,0,0,0,0,0,0,0,0,1,0,0,0,0,0,0,0,0
mhs_866,0,0,0,0,0,0,0,0,0,0,0,0,0,1,0,0,0
mhs_867,0,0,0,0,0,0,0,0,0,0,0,0,0,0,1,0,0
mhs_868,0,0,0,0,0,0,0,0,0,0,0,0,0,1,0,0,0
mhs_869,0,0,0,0,0,0,0,0,1,0,0,0,0,0,0,0,0
mhs_87,0,0,0,0,0,0,0,0,0,0,0,0,0,0,0,1,0
mhs_870,0,0,0,1,0,0,0,0,0,0,0,0,0,0,0,0,0
mhs_871,0,0,0,0,0,0,0,0,0,0,0,1,0,0,0,0,0
mhs_872,0,0,0,0,0,0,0,0,0,0,0,0,0,1,0,0,0
mhs_873,0,0,0,0,0,0,0,0,0,0,0,0,0,0,1,0,0
mhs_874,0,0,0,0,0,0,0,0,0,0,0,0,1,0,0,0,0
mhs_875,0,0,1,0,0,0,0,0,0,0,0,0,0,0,0,0,0
mhs_876,0,0,0,0,0,0,0,1,0,0,0,0,0,0,0,0,0
mhs_877,0,0,1,0,0,0,0,0,0,0,0,0,0,0,0,0,0
mhs_878,0,0,0,0,0,0,0,0,1,0,0,0,0,0,0,0,0
mhs_879,0,0,0,0,0,0,0,0,1,0,0,0,0,0,0,0,0
mhs_88,0,0,0,0,0,0,0,0,0,0,0,0,0,0,0,1,0
mhs_880,0,0,0,0,0,0,0,0,0,0,0,1,0,0,0,0,0
mhs_881,0,0,0,0,0,0,0,0,0,0,0,0,0,0,1,0,0
mhs_882,0,0,0,1,0,0,0,0,0,0,0,0,0,0,0,0,0
mhs_883,0,0,0,0,0,0,0,0,0,0,0,0,0,0,0,1,0
mhs_884,0,0,0,0,0,0,0,0,0,1,0,0,0,0,0,0,0
mhs_885,0,0,0,0,0,0,0,1,0,0,0,0,0,0,0,0,0
mhs_886,0,0,0,0,0,0,0,0,0,0,0,0,0,0,0,0,1
mhs_887,0,0,0,0,0,1,0,0,0,0,0,0,0,0,0,0,0
mhs_888,0,0,0,0,0,0,0,0,1,0,0,0,0,0,0,0,0
mhs_889,0,0,0,0,0,0,0,0,0,0,0,0,0,1,0,0,0
mhs_89,0,0,0,0,0,1,0,0,0,0,0,0,0,0,0,0,0
mhs_890,0,0,0,0,0,0,0,0,0,0,0,0,0,0,1,0,0
mhs_891,0,0,0,1,0,0,0,0,0,0,0,0,0,0,0,0,0
mhs_892,0,0,1,0,0,0,0,0,0,0,0,0,0,0,0,0,0
mhs_893,0,0,0,0,0,0,0,1,0,0,0,0,0,0,0,0,0
mhs_894,0,0,0,0,0,0,0,0,0,0,0,0,0,0,1,0,0
mhs_895,0,0,0,1,0,0,0,0,0,0,0,0,0,0,0,0,0
mhs_896,0,0,1,0,0,0,0,0,0,0,0,0,0,0,0,0,0
mhs_897,0,0,0,0,1,0,0,0,0,0,0,0,0,0,0,0,0
mhs_898,0,0,0,0,0,0,0,0,1,0,0,0,0,0,0,0,0
mhs_899,0,0,0,0,0,0,0,1,0,0,0,0,0,0,0,0,0
mhs_9,0,0,0,0,0,0,0,0,0,0,0,0,0,0,0,1,0
mhs_90,0,0,0,0,0,0,0,1,0,0,0,0,0,0,0,0,0
mhs_900,0,0,0,0,0,0,0,0,0,0,0,0,0,0,0,0,1
mhs_901,0,0,1,0,0,0,0,0,0,0,0,0,0,0,0,0,0
mhs_902,0,0,0,0,1,0,0,0,0,0,0,0,0,0,0,0,0
mhs_903,0,0,0,0,0,0,0,0,0,0,0,0,0,0,1,0,0
mhs_904,0,0,0,0,0,0,0,0,0,0,0,0,1,0,0,0,0
mhs_905,0,0,0,0,1,0,0,0,0,0,0,0,0,0,0,0,0
mhs_906,0,0,0,0,0,0,0,0,0,1,0,0,0,0,0,0,0
mhs_907,0,0,0,0,0,0,0,0,0,0,0,0,0,0,0,0,1
mhs_908,0,0,0,0,0,1,0,0,0,0,0,0,0,0,0,0,0
mhs_909,0,0,0,0,0,0,0,0,0,0,0,0,0,0,0,1,0
mhs_91,0,0,0,0,0,0,0,1,0,0,0,0,0,0,0,0,0
mhs_910,0,0,0,0,0,0,0,0,1,0,0,0,0,0,0,0,0
mhs_911,0,0,1,0,0,0,0,0,0,0,0,0,0,0,0,0,0
mhs_912,0,0,0,0,0,0,0,0,0,0,0,0,0,1,0,0,0
mhs_913,0,0,0,0,0,0,0,0,1,0,0,0,0,0,0,0,0
mhs_914,0,0,0,0,0,0,0,0,0,0,0,0,1,0,0,0,0
mhs_915,0,0,0,0,0,0,0,0,0,0,0,1,0,0,0,0,0
mhs_916,0,0,0,0,0,0,0,1,0,0,0,0,0,0,0,0,0
mhs_917,0,0,0,1,0,0,0,0,0,0,0,0,0,0,0,0,0
mhs_918,0,0,0,0,0,0,0,0,0,0,0,1,0,0,0,0,0
mhs_919,0,0,0,0,0,0,0,0,0,0,0,0,0,0,0,0,1
mhs_92,0,0,0,0,0,0,0,0,1,0,0,0,0,0,0,0,0
mhs_920,0,0,0,0,0,0,0,0,0,0,1,0,0,0,0,0,0
mhs_921,0,0,0,0,0,0,0,0,1,0,0,0,0,0,0,0,0
mhs_922,0,0,1,0,0,0,0,0,0,0,0,0,0,0,0,0,0
mhs_923,0,0,0,0,0,0,0,0,0,0,0,1,0,0,0,0,0
mhs_924,0,0,0,0,0,0,0,1,0,0,0,0,0,0,0,0,0
mhs_925,0,0,0,0,0,0,0,0,0,0,0,0,0,0,0,0,1
mhs_926,0,0,0,0,0,0,0,0,0,0,0,0,0,1,0,0,0
mhs_927,0,0,0,0,0,0,0,0,0,0,0,0,0,0,1,0,0
mhs_928,0,0,0,0,0,0,0,0,1,0,0,0,0,0,0,0,0
mhs_929,0,0,0,0,0,0,0,0,0,0,0,0,0,0,0,0,1
mhs_93,0,0,0,0,0,0,0,0,0,0,0,1,0,0,0,0,0
mhs_930,0,0,0,0,0,0,0,0,0,0,0,0,1,0,0,0,0
mhs_931,0,0,1,0,0,0,0,0,0,0,0,0,0,0,0,0,0
mhs_932,0,0,0,0,0,0,0,0,0,0,1,0,0,0,0,0,0
mhs_933,0,0,0,0,0,0,0,1,0,0,0,0,0,0,0,0,0
mhs_934,0,0,0,0,0,0,0,1,0,0,0,0,0,0,0,0,0
mhs_935,0,0,0,0,0,0,0,0,0,0,0,0,0,0,1,0,0
mhs_936,0,0,0,0,0,0,0,0,0,0,0,0,1,0,0,0,0
mhs_937,0,0,0,0,0,0,0,0,0,0,0,0,0,0,1,0,0
mhs_938,0,0,0,0,0,0,0,0,0,0,0,0,0,1,0,0,0
mhs_939,0,0,0,0,0,0,0,0,0,0,0,0,0,0,1,0,0
mhs_94,0,0,0,0,0,0,0,0,0,0,0,1,0,0,0,0,0
mhs_940,0,0,0,0,0,0,0,0,0,0,0,0,0,1,0,0,0
mhs_941,0,0,0,0,0,0,0,0,1,0,0,0,0,0,0,0,0
mhs_942,0,0,0,0,0,0,0,0,0,0,0,0,0,1,0,0,0
mhs_943,0,0,0,0,0,0,0,0,1,0,0,0,0,0,0,0,0
mhs_944,0,0,0,0,0,0,0,0,0,0,0,1,0,0,0,0,0
mhs_945,0,0,0,0,0,0,0,0,0,0,0,0,0,0,0,0,1
mhs_946,0,0,0,0,0,0,0,0,0,0,0,0,0,1,0,0,0
mhs_947,0,0,0,0,0,0,0,0,1,0,0,0,0,0,0,0,0
mhs_948,0,0,0,0,0,0,0,0,0,0,0,0,0,0,1,0,0
mhs_949,0,0,0,0,0,0,0,1,0,0,0,0,0,0,0,0,0
mhs_95,0,0,0,0,0,0,0,0,1,0,0,0,0,0,0,0,0
mhs_950,0,0,0,0,0,0,0,0,0,0,0,0,0,0,1,0,0
mhs_951,0,0,0,0,0,0,0,0,0,0,0,0,0,1,0,0,0
mhs_952,0,0,0,0,0,0,0,1,0,0,0,0,0,0,0,0,0
mhs_953,0,0,0,0,0,0,0,0,0,0,0,1,0,0,0,0,0
mhs_954,0,0,0,0,0,0,0,0,1,0,0,0,0,0,0,0,0
mhs_955,0,0,0,0,0,0,0,1,0,0,0,0,0,0,0,0,0
mhs_956,0,0,0,0,0,0,0,0,0,0,0,0,0,0,0,0,1
mhs_957,0,0,0,0,0,0,0,1,0,0,0,0,0,0,0,0,0
mhs_958,0,0,0,0,0,0,0,0,0,1,0,0,0,0,0,0,0
mhs_959,0,0,1,0,0,0,0,0,0,0,0,0,0,0,0,0,0
mhs_96,0,0,0,0,0,0,0,0,0,0,0,1,0,0,0,0,0
mhs_960,0,0,0,0,0,0,0,0,0,0,0,0,1,0,0,0,0
mhs_961,0,0,0,0,0,0,0,0,1,0,0,0,0,0,0,0,0
mhs_962,0,0,0,0,0,0,0,0,0,0,0,1,0,0,0,0,0
mhs_963,0,0,0,0,1,0,0,0,0,0,0,0,0,0,0,0,0
mhs_964,0,0,0,0,1,0,0,0,0,0,0,0,0,0,0,0,0
mhs_965,0,0,0,0,0,0,0,0,0,0,0,0,0,0,1,0,0
mhs_966,0,0,0,0,0,0,0,1,0,0,0,0,0,0,0,0,0
mhs_967,0,0,0,0,0,0,0,0,0,0,0,0,0,0,1,0,0
mhs_968,0,0,0,0,0,0,0,0,0,0,0,0,0,1,0,0,0
mhs_969,0,0,0,0,0,0,0,0,0,0,0,0,0,0,1,0,0
mhs_97,0,0,0,0,0,0,0,0,0,0,0,0,0,0,0,1,0
mhs_970,0,0,0,0,0,0,0,0,0,0,0,0,0,0,0,0,1
mhs_971,0,0,0,0,0,0,0,0,0,0,1,0,0,0,0,0,0
mhs_972,0,0,0,0,0,0,0,0,0,0,0,0,0,0,1,0,0
mhs_973,0,0,0,0,0,0,0,0,0,0,0,0,1,0,0,0,0
mhs_98,0,0,0,0,0,0,0,0,0,0,0,1,0,0,0,0,0
mhs_99,0,0,0,0,0,0,0,0,1,0,0,0,0,0,0,0,0
